150923_0937,1,2,6686686888666776776567558883883338889445599999956777556567675999P9P995PP688666668688O777O66677O6666666N666N64474477777M7447777447737744777777443883888883383665355565666556556666653555555555555555555555555555555555555555555555555664646664644,4244
150923_0937,1,3,969656996599A88868A8AAA8997679977796697976977799777878777878ABBBBBB9ABBB777373737377787787777878887777777788887777877787995966996695119999999999776767776776446646466466AA7775AAA7A7777377337737887777777887777877877887787777877887887777877877,4406
150923_0937,2,2,788778777877558888555858575776675676473777477744775567766657P7PP777777P76A664AAAAAA688OOO88558856566M6556556M66556656655666555666553655666556653556556656636555555555555555555555555666464466464555555555555555555555555666646464464555555555555,4193
150923_0937,2,3,5AAAA3AA5AA5888868AAA8AA5776565776767AAA7A7A775A77797976699977777887787873737377773779767979976978777877778877777887787899956966965977773377737399999A997AAA664644666464888778777777777733737377797979676979777778788877788777787877787777787887,4372
150923_1155,1,2,6666666464666666666664466666866888686657777655677657767665755N577577N57788844884NN88574547577757999993N93N99666666N666N6777767677667888884444848666655655536747774374747665565556636447477377774655656656635655535665666555555555555555555555555,4196
150923_1155,1,3,88AAAAA88868499393949999788777777788878877777778A6AAAA664A6A282828888888448888848844666668888686668886686866737737337777777737377373664446466466AAAAA664AA66969565699996AAA57777A7AA866888668666675677575676855588555888777877787788777778877788,4316
150923_1155,2,2,77775755574466666664664699978878988857767766675556636566555657775577N7N588N8484N88845667677655775757777N55N76667O777O6O7556656653656555356666566665655553666737744477477299999929993555556666663666664644644666635556556555636666565555555555555,4211
150923_1155,2,3,8888888888887777A7AAA5AA88888888888877778787778857AAA77A7A7A377777333777877877877877787887777877887777887777773377377377737777733377444666666644AA8AAAAAAAAA9A9A799999AA887787778777877787777788757AA777AAAA686866688866787777788877777787877788,4412
150923_1346,1,2,356565665566887777778877776756657765666688668886388838888383999QQQ966QQ97777PP7P777P866PP68888PP58555855888888388383M888474777743774666556365565775745457775646466664446656665365565665655356656774774347747666556665553737774774447555555555555,4350
150923_1346,1,3,7777887877786886686666887878777887777788777777889888899877988888888888885AAAAA5A3AA5999888877988828282888888777557755447737377777337888882288288446664466466566776577756667777677767767776677767777788777788788778777778788778777778777778877788,4318
150923_1346,2,2,457754577577756775676756447575777575745575775774457777575457QQ887QQ77Q88P77P7777P77P667OO6O77677666646466666466646466464775777555744556556666635666665655355655666566535655566656536747747774437666666666446474777747734555555555555374747777447,4252
150923_1346,2,3,B6B6BB6BBB6B8778778787776679997799778877877877776A8A888AAA889965996596698888888888887B7BB7BBB77BQQQAAQAA5AQA697977799679466644466664377377337777AAAAAAAA0AAA9A9A99A9A799886886686666866666668668887777777878988878999887787787778778887877778777,4579
151007_0924,1,2,7A7AA77AA7A5796999777769596969659699A97999A99A9A868686666868BBBBBB5B55BB664666666664777776667677AA3A5A5AA5AA466466644664737737737737667565577767646446646646737377737773887777777788969959966659866886668686877788787777777888777787787877777788,4328
151007_0924,1,3,866668668688777767556665666666466466665656565356666686888686666565555366666776557577884848484488566567776577666666466466M655566666556666O7O77O77666666646466885858585585676777767677ARA6RRRRARAA666665565355565566656M65555555555555555555555555,4291
151007_0924,2,2,547557477577BABABBB9BBBB88888888888877669977799977878778787755677667657787788877777766667777777788A88AA868AA733737777377646466644466777878778877666646466444773333777777877887778777557765767766777778877788666666868888777777888778878777777878,4316
151007_0924,2,3,575755477747777787788778868666888666655677777656558888855558677567567756777455757547754777755547577475775547563655656656N6666666666NM56666555665745775755747666666666644757754757547O77767O676O6658555588858556M66556665555555555555555555555555,4187
151007_1157,1,2,667776765557999899999998A8688A8AA8A8B9B9BB9B9999BAABAABAAABA848848448488788879999888676667577557644664644666878877778777998999989999A7AA5A77A77A777773733773767777676776373773737777877777788787882288828888878778777778887787777877778778778778,4416
151007_1157,1,3,8978997898887777773337375656665366556688888666664888488448845666556355669993939N9N997777474M47474777557455775666565356566666666446666656665356556565366555666646666466667774477374745666665M5655444646466666555555555555555555555555555555555555,4094
151007_1157,2,2,8AA8888AA8A6868866686866987789898889888888888888666AAA4AAAA6887777787778888888888888877877778877666446664446866866666888887878777777888AAA88AA86773773773377888888888888466466464466566755777766744744747744866866688866777888777877877777887877,4347
151007_1157,2,3,48878887877836556666555645775754777576665755776777677676677768686668868676O676OO77676OO77O76767685585558888586666688686846666466666688388883388356666553566537447774774733888888388366N66N666666M66556566556355665666565585858855885366556656556,4267
151007_1349,1,2,9777997679699A99799AA99A7787878877776559699669997AAA57A77A7A6655676757779777676979992888888888228448N888884N666664446464AA8A8868A8A8377377777733667557777566777787888777886886666686668686888666866666868688887778777778777887887777888777777787,4382
151007_1349,1,3,773773337777558558888855888588555855646666666664646666664666339999999944577775557474886868668666577757577445O58888885OO5777555754747665565553666555555555555444666646664664466644664565M666656556666555565M6555555555555555555555555555555555555,4107
151007_1349,2,2,BBBBBBBBBBBB778787878777979769697797666886688668999998999989866668686886996959956696646644464666999911999999777333777377657777655766446666466644BB6BBB6B6BB6777887777878667777676777888AAA8A8A86788777877877688668866866787778787877787778777887,4398
151007_1349,2,3,439993999949A6A6AAAA646A555588855888866688686866488884448488756565777676555555555555466666646666655566663655688P888PP6P65567777667564484888888445366555665664646446666645588885558586N6N666666664M4777477747666665553655555555555555555555555555,4215
