session,group,stage,info,choices_base3_hex,group_stage_total_cost,incident_20_bits_hex
150923_0937,1,2,0,3f63f34fec79ae7271ff0acc6aad2aa55f6aed4c5dda261bf18ce6115e13d659808981965303a71ee765066f14d9827,4244,05c00
150923_0937,1,3,1,2cb20f8b99c5b71060eb2b04718557aa8fc4d3f9c901f093cb40fce0bb1a6bb6954698fd6d4cf492ac68f73ebacae36,4406,02150
150923_0937,2,2,0,d882788ba4dfa6b63619cb8ca5ff567edeb518a69044f2fd61562ccf75b4125d7e5ed74fc161b6b5114da91b2f523d3,4193,05c00
150923_0937,2,3,1,70d6359412f79c43687a3093bceb19dd688935968f48fcd2a5bf478edd95ad342797622017626085b508085378fee8e,4372,02150
150923_1155,1,2,0,6cc409dad4161b15a728412c8785b5f828e7d3937f8a0a4b62de8ec14dbb36deca6f6e6c5d1126fa490acd00c6af364,4196,06c00
150923_1155,1,3,1,95468dd4c5fea4406ef4a5de3ac4c446bdb400d77235e9b15662edaa752de069533c5260a3c022e4a2a0fbbbd5a95b1,4316,04700
150923_1155,2,2,0,14c7bfae32a75430f41ace5f00c5539e8f0f6a747152c31d777b19e5ec6eeac8ac4abac58185051abd371b646f0f3e96,4211,06c00
150923_1155,2,3,1,380530476ea788ebbcf6278b4e3c35e9c87421fda029dd31a3147dc1aab0a0cf5243058b1526847282a1bdd893584be,4412,04700
150923_1346,1,2,0,c3c086c14e6ca09911fa3206fa466dc4b43b216ddc562f053d9095cfd5ff5679c4354c892e7cbe17689611a89adad74,4350,07400
150923_1346,1,3,1,b68936ae538085e59393ce5a442878050d610a43d1b1ccc26925cd47033db5c4f792dbcfdf61d446c27b780a3a503ef,4318,00b80
150923_1346,2,2,0,91a79fbbf9f8378332cc674f8009ae917286db51e55b4c6c890e9fb1326e791427151f8298a84ac79705fe5918b6102,4252,07400
150923_1346,2,3,1,299964219130bf949f49286a7b9535ab8f7415cd5ca094fb488995ebdab1364b90f40a9d14feb7c476cd6820194d6ba,4579,00b80
151007_0924,1,2,1,7cf3ba178a4698bedf238702d813dc6d5b3af316850d4ffc106feb9610a2a363542d78ec4ed7805996dd8044c30ee92,4328,006c0
151007_0924,1,3,0,eea089a6902da5e5ff6ab0b98f1fdd40fd59c1713b6c2c9342b0b55e4e9d1f35db8ad9d17fc66bb8c4176593c142522,4291,00314
151007_0924,2,2,1,3f61b29f2a50a970bc7777460ebfca2c50522638792a80d86dd7f7eda079fbf5a8b2a265cf9fe45517bd5408e584cd1,4316,006c0
151007_0924,2,3,0,53312d2516c37b66f86c719cffe1ccf5861441624673bfa3eb3ac6f92ed2b5c0fdf64feec8fe259fea6bb3776b15109,4187,00314
151007_1157,1,2,1,12b7141a11389fd0bb658becdefef6b33a71163bdf94b46cd367d19cffe6d4fee8085427272aa5800f3e31c8ce0aee3f,4416,008a8
151007_1157,1,3,0,c26b2db8900380645aa69a4e8908fb8e2bacbf89312d65da3d88fb005ae9843143189c34fa06801f1616560e3e79e04,4094,03018
151007_1157,2,2,1,760b6b665a67b3cbb8e35434377d7ff4497976c105ea9a55b4eee9891d7a8299571a013624100f699d7d96ffb0ab706,4347,008a8
151007_1157,2,3,0,d770b4140993ca2574ef63b0a36af922ee38710a3e58dfa8cff2f904e35ee522885f16797311dc5990a45673ea76b0c,4267,03018
151007_1349,1,2,1,362754416c68598d7c7466ce45e98c8dbe58914dd7a2e5459bf058e29301b490e209f2957ddc6df94d6ce983fa3b7f5,4382,01d00
151007_1349,1,3,0,1a324f3101bd2df14c514af0ab995cd6cf2a5ed1bf02c84bad0eda122f3b50476339e45d37aabd1d5539bd9c6b237f6,4107,00458
151007_1349,2,2,1,9b4208c5fa837c082f2dfc5acbf3b92a5866be133395fb3ce02d0d695d5a996e8b083532482e8c86902fd415dc39227,4398,01d00
151007_1349,2,3,0,94462bb82ef1eb6fe140898f9b8d2a8a3f583d6a0c723c34323cdaf91f98dcde247027179df90dc13732cf83107ca0a,4215,00458
